co_price,co_open,co_high,co_low,co_volume,na_open,na_high,na_low,na_close,na_volume,co_change,na_change
0.21654040404040398,0.20385098367517784,0.19367250961949556,0.2426786811386441,0.20784996133023975,0.8367033337481429,0.8333944499807069,0.8403480860643511,0.8551737945544569,0.3791855367917927,0.92,-0.06
0.22369528619528634,0.21347844286312267,0.19773407439076518,0.25005119803399545,0.11867749419953597,0.8658529704878046,0.8551462230252269,0.8618514361406262,0.8567428183204673,0.6033411674610825,0.47,-0.0
0.19844276094276103,0.21473419840937602,0.19046601111586137,0.23202949006758145,0.10340293890177879,0.8589237152225162,0.8517427635340116,0.8681953691612596,0.8567654615997784,0.4461755812878778,-1.64,-1.37
0.19486531986531985,0.19233989116785266,0.17144078666096618,0.20131066967028466,0.10564578499613303,0.8637224722772183,0.8670915511569437,0.8773832988568804,0.8937735497544621,0.37636657116072725,-0.24,-0.32
0.18728956228956228,0.19317706153202185,0.1761436511329626,0.21871800122875262,0.07532869296210362,0.8668197333366474,0.8761546902204873,0.882946430026305,0.9025373374039278,0.3186223378269538,-0.5,-0.63
0.1980218855218856,0.185014650481373,0.17315091919623748,0.21646528773295093,0.07130703789636503,0.9032141400472073,0.8927400435529937,0.9078317724913598,0.9195403727163163,0.3068843497894028,0.71,-0.34
0.20096801346801363,0.18961908748430312,0.17400598546387336,0.22690968666803202,0.04617169373549884,0.9103472161002091,0.9028226662900745,0.9244381437731406,0.9288986732335383,0.286961788821844,0.19,-1.02
0.16182659932659949,0.18794474675596495,0.16374519025224443,0.18799918083145584,0.17316318638824435,0.9227930037588394,0.9316752990523536,0.9323949105042828,0.9571376960658158,0.3127054808085876,-2.58,-0.81
0.15740740740740744,0.1523650062787778,0.17293715262932885,0.1910710628711858,0.3090100541376643,0.9547211257611261,0.9569511138110747,0.9680233620374581,0.979579877436308,0.309082746874051,-0.3,-0.2
0.20012626262626254,0.16010883214734184,0.17421975203078244,0.19434773704689734,0.24098994586233563,0.9804043412763348,0.9722194561528215,0.9803572315768709,0.9850331544711206,0.35555276813182457,2.9,-0.07
0.210016835016835,0.1954792800334868,0.18640444634459175,0.2379684620110587,0.058778035576179416,0.9790953226405086,0.9695681840538393,0.9906516268563548,0.9869108414737877,0.36977137990678266,0.65,0.6
0.22117003367003374,0.20803683549602336,0.19410004275331327,0.2463649395863199,0.10007733952049497,0.9838389665694405,0.969039910815219,0.969544772773091,0.970205913877838,0.3550906426185352,0.73,1.69
0.18728956228956228,0.22017580577647533,0.19816160752458312,0.2221994675404464,0.10498839907192575,0.9387086370297837,0.939662762444007,0.920121660183596,0.9242108402589102,0.32293165823837755,-2.21,-0.52
0.19255050505050497,0.1892005023022183,0.16930312099187694,0.21523653491705907,0.060363495746326365,0.9384148088895143,0.9223113873108015,0.9457761087648506,0.9384314800510076,0.1882748854588907,0.35,-0.99
0.179503367003367,0.18627040602762635,0.16310389055151764,0.20540651238992425,0.06001546790409898,0.9385049792047968,0.9409447602313568,0.947397178761167,0.9657463860646829,0.33553943250986973,-0.87,0.04
0.17971380471380471,0.17789870238593553,0.15455322787516046,0.20335859103010434,0.03928847641144624,0.9622481468399302,0.948619153867927,0.9596989266509885,0.964506795923272,0.2637729907442862,0.01,-0.75
0.18265993265993274,0.17685223943072415,0.16695168875587862,0.21605570346098713,0.035228151585460166,0.9531482814915395,0.9610647446755356,0.9675746480801417,0.9854289856947782,0.3402069001940927,0.2,0.33
0.1557239057239057,0.17664294683968174,0.15177426250534398,0.18820397296743807,0.1468677494199536,0.9754053506175375,0.962631801480345,0.9818094572081006,0.9763129508151553,0.2714475751614138,-1.8,-0.45
0.17655723905723897,0.15550439514441172,0.14792646430098344,0.1847225066557443,0.08476411446249033,0.975366869207134,0.9647846898057264,0.971594295274717,0.9888894866133351,0.327092438306244,1.42,-0.4
0.14015151515151536,0.1693177061532023,0.16053869174861068,0.17407331558468164,0.12919566898685225,0.9868494813675088,0.984065209983598,1.0000000000000002,0.9999999999999998,0.2425020135468794,-2.44,1.28
0.16393097643097643,0.13185433235663457,0.13445917058572054,0.1648576694654924,0.07768754833720029,1.0,1.0000000000000002,0.971967070535199,0.9646654690303607,0.35504773096372977,1.64,0.5
0.202020202020202,0.1561322729175385,0.17571611799914488,0.18758959655949203,0.16786542923433873,0.9480022136329107,0.9446682921183369,0.9298680115075919,0.950784818208745,0.3354965208550642,2.58,-0.44
0.19844276094276103,0.19380493930514842,0.17828131680205228,0.22813843948392387,0.051082753286929614,0.9260256018560402,0.9363955984865353,0.9281644138532681,0.9630041697563196,0.13183450625189808,-0.24,2.28
0.03261784511784516,0.19673503557974037,0.17657118426678076,0.06717182060208882,0.31121423047177105,0.9237715067697416,0.9159294098112591,0.9053470433859567,0.901364144861575,0.020165176862035783,-17.35,-1.84
0.07260101010100994,0.03892842193386348,0.08208636169303118,0.0864222813843949,0.1505027068832173,0.9329615424334143,0.9336935998733853,0.9371466006976046,0.9521255368132826,0.2344824854430464,2.97,1.58
0.001473063973064015,0.07408957722896581,0.06220607097050013,0.01781691583043199,0.22030162412993037,0.9324740030384091,0.9328348355395304,0.9045542163685483,0.9093888775129046,0.5330172174762666,-5.13,1.86
0.0,0.014441188781917136,0.025651988029072204,0.033176326029080494,0.17242846094354214,0.9384464418581353,0.9308445454561223,0.8695599605293258,0.8599401128872362,0.4763474259608911,-0.11,-0.83
0.021043771043771198,0.0,0.0,0.0,0.2604408352668213,0.8431985322820834,0.865734403049488,0.8537362028859634,0.8821279408610365,0.33178136181786977,1.6,1.96
0.026515151515151603,0.01946421096693185,0.03014108593415976,0.05877534302682763,0.1522041763341067,0.8844216983868836,0.8702502594453974,0.8167851650760747,0.8305505407919169,0.40925670412083925,0.41,-0.92
0.07912457912457915,0.03578903306822934,0.05857203933304822,0.08253123080073732,0.12977571539056457,0.8324806557746465,0.8373051746136009,0.8168780707443279,0.8549019053994835,0.28323507664681724,3.93,-2.94
0.12436868686868707,0.08015906236919212,0.09940145361265507,0.12471841081302482,0.1530935808197989,0.8981466654714976,0.9139268223009853,0.9140459011888626,0.9354049463504206,0.2824527641707488,3.25,-0.63
0.13804713804713797,0.11552951025533686,0.10902094912355698,0.15072701208273598,0.109938128383604,0.9281578936584354,0.9266154561070661,0.9328063963755311,0.9528508016615393,0.20151148051810874,0.95,1.74
0.11384680134680147,0.13373796567601515,0.11714407866609666,0.1449928322752405,0.0788089713843774,0.933148568376065,0.927211877200006,0.9146295259057851,0.9058463159540417,0.18227220513091358,-1.67,-0.72
0.12268518518518534,0.10025115110925054,0.10389055151774262,0.14540241654720454,0.05986078886310904,0.9179626137355168,0.9064954716628868,0.9090174710839636,0.9255862897275164,0.1676211759113776,0.62,1.41
0.11637205387205385,0.12787777312683124,0.11479264643009834,0.15482285480237556,0.06175560711523588,0.9165733710207191,0.8994052015174947,0.8972774393031038,0.8876997116166743,0.1929902161427044,-0.44,1.15
0.10690235690235705,0.11092507325240675,0.09619495510902087,0.12983821421257424,0.08878576952822889,0.8488988295268811,0.8435243833480632,0.8448348965436805,0.8570792321831295,0.23479442016451668,-0.66,-2.11
0.10206228956228958,0.10004185851820835,0.08294142796066684,0.12430882654106079,0.09354215003866975,0.8513616371211703,0.8886841420182778,0.8377302583239101,0.9142510464615341,0.320021917952916,-0.34,2.54
0.11721380471380471,0.1079949769778148,0.0959811885421118,0.14540241654720454,0.07811291569992265,0.917877498103238,0.8987285063660588,0.8485695675408709,0.8471054780839629,0.24932001531615988,1.07,0.07
0.08438552188552184,0.10652992884051904,0.08251389482684912,0.11447880401392596,0.08553750966744006,0.8189794022843078,0.8384927218384013,0.8217292553983977,0.8452313663634505,0.6992074547447087,-2.29,1.26
0.053451178451178416,0.06634575136040177,0.03698161607524586,0.0602088879787015,0.10715390564578497,0.8016530030298918,0.7892630563521068,0.8048056214697052,0.8123273239877673,0.19754215244860507,-2.21,-2.35
0.09617003367003374,0.06299706990372522,0.06883283454467715,0.09768584886340359,0.04667440061871615,0.8362875393612441,0.8490352992617802,0.8309493067436107,0.8751143228633989,0.19250498435375052,3.12,-1.16
0.1102693602693603,0.09229803264964409,0.083368961094485,0.12738070858079054,0.05100541376643465,0.8661301667457373,0.8799760885539094,0.8795339633125667,0.9066342327929549,0.11570467538983586,1.0,-0.84
0.12857744107744118,0.11092507325240675,0.10111158614792659,0.1425353266434568,0.04864655839133797,0.9038035897525845,0.9100599922395791,0.9176303419483396,0.9295560084181973,0.08885188217119777,1.29,-1.37
0.16140572390572383,0.11615738802846365,0.1402308678922617,0.1492934671308621,0.025560711523588547,0.9291897160363294,0.9403903551574044,0.9459550013716342,0.9675420126013796,0.05781025126424344,2.28,0.57
0.1687710437710439,0.16094600251151103,0.1530568619067978,0.2000819168543928,0.026952822892498077,0.9623115757398986,0.9456493465296758,0.9561162980160798,0.9519319626902145,0.040229676380104884,0.5,0.1
0.1822390572390573,0.1682712431979907,0.1639589568191535,0.20110587753430265,0.027726218097447797,0.9455677779160476,0.9317171440235479,0.9430907432446396,0.9492297550931965,0.05193135455589737,0.91,0.16
0.18960437710437716,0.17727082461280874,0.16695168875587862,0.21052631578947367,0.0,0.9395669672188949,0.9398113554046164,0.9514084248699997,0.9449306026035804,0.05824101826055961,0.49,0.62
0.1557239057239057,0.1745500209292592,0.15946985891406573,0.19619086627073523,0.03043310131477185,0.9335443068267057,0.923955302640006,0.9370335985459592,0.9280915182455576,0.0,-2.25,-1.19
0.18265993265993274,0.15927166178317287,0.15690466011115878,0.18738480442351002,0.03074245939675173,0.9351455231406889,0.9336392866024277,0.9370588016345065,0.9608370578403991,0.1703724731637113,1.83,1.34
0.20370370370370372,0.1787358727501045,0.18020521590423266,0.2181036248208068,0.10104408352668212,0.9551217559320446,0.9370217379967014,0.914847129123334,0.9242125428240324,0.2854318232832037,1.41,3.46
0.20622895622895632,0.2011301799916283,0.18725951261222762,0.23018636084374355,0.16082753286929619,0.9041993282032252,0.8905275473453667,0.8444688752129867,0.8331133136052487,0.26937626259292025,0.17,0.13
0.2218013468013469,0.18438677270824622,0.20051303976058144,0.2226090518124102,0.17753286929621034,0.8168723843978398,0.8226943982286403,0.814054335183988,0.8297469609117554,0.23021937758295152,1.02,0.97
0.21527777777777768,0.21829217245709476,0.20735356990166753,0.2504607823059595,0.0945088940448569,0.8288223168872664,0.8178968986991635,0.8077726687067146,0.8044752249196525,0.1401923762493894,-0.42,-0.05
0.20159932659932678,0.21389702804520705,0.19709277469003839,0.23633012492320282,0.06187161639597834,0.7713947440542563,0.7799148579213127,0.7491734866191833,0.8056833186523209,0.3174439177680658,-0.89,-1.39
0.2487373737373737,0.2011301799916283,0.2227447627191108,0.24288347327462634,0.18921113689095126,0.7993587960710773,0.8157440103737821,0.8010254861006401,0.8424019818937507,0.16484842283164114,3.11,-0.23
0.26262626262626254,0.2438258685642527,0.24155622060709692,0.2824083555191479,0.17830626450116008,0.8567697368547811,0.8437833105301908,0.8481984396050215,0.8484931854635731,0.1553616462231142,0.89,2.58
0.26010101010101017,0.26203432398493076,0.2411286874732792,0.2869137825107515,0.0997293116782676,0.853754330336435,0.8334084552620709,0.791682384193406,0.7819700509060101,0.149071787897593,-0.16,-0.58
0.2821969696969697,0.25136040184177455,0.2592988456605385,0.29203358591030093,0.1707656612529002,0.7640880126827758,0.7700909918432528,0.7760271416526192,0.7971268954501383,0.159421748947014,1.4,2.67
0.3072390572390573,0.2838007534533278,0.2932877297990595,0.3129223837804629,0.19957463263727765,0.7597151595479503,0.7426079753132966,0.741196623404649,0.7296850920731612,0.2720169798117169,-7.96,1.16
0.31860269360269355,0.3156132272917538,0.3022659256092348,0.34159328281793977,0.1653905645784996,0.7430832186047218,0.7283276898486759,0.7156770854143206,0.7006336364056265,0.2079795872558987,0.7,1.32
0.3282828282828283,0.30138133110087884,0.31316802052159054,0.3377022322342822,0.16090487238979118,0.7231519892391893,0.7253790611304727,0.6834811969095964,0.6681652636386997,0.28034514174049674,0.59,2.8
0.3164983164983164,0.3038928421933862,0.294356562633604,0.31763260290804807,0.14187935034802782,0.6535872951783461,0.6431238658809877,0.6199665868688122,0.6010285482162245,0.40699724045050634,-0.72,-0.62
0.2872474747474747,0.3084972791963163,0.30525865754595993,0.301863608437436,0.11604795050270689,0.55929603875119,0.5915105659730189,0.5070204633214692,0.6160580457357601,0.5946746636386442,-1.79,2.33
0.31334175084175064,0.29907911259941367,0.28901239846088056,0.3221380298996519,0.1745552977571539,0.5808969680136773,0.5748972019028893,0.5609117722629204,0.5609957989036503,0.2642730765675958,1.63,-0.02
0.336489898989899,0.3053578903306824,0.31915348439504077,0.3432316199057954,0.1642691415313225,0.6244593448370548,0.6135544008505758,0.5572093877152569,0.5614891833082798,0.38860464502158787,1.42,1.42
0.3232323232323233,0.3298451234826285,0.3249251817015819,0.3540856031128403,0.14458623356535188,0.5976140245891846,0.5721496005139615,0.5454810513320474,0.5284804371873151,0.2931394166655664,-0.8,-3.03
0.3221801346801345,0.33361239012138966,0.3242838820008551,0.3534712267048943,0.15935808197989168,0.55181744565304,0.5731989734776224,0.530957641926247,0.6013162707386923,0.2601288009823468,-0.06,-3.3
0.3339646464646464,0.3304730012557553,0.31316802052159054,0.3528568502969487,0.12242846094354212,0.6145114219622259,0.6555730432704905,0.6205518589103678,0.6831338117327006,0.28579327145252653,0.72,-0.74
0.33164983164983153,0.3311008790288823,0.31487815305686206,0.3448699569936515,0.1,0.6921924238445238,0.6758241993351273,0.6716718153930772,0.7016343656910113,0.20970760658594878,-0.14,-0.5
0.34090909090909083,0.3304730012557553,0.32941427960666947,0.36063895146426383,0.17436194895591645,0.7284316005437805,0.7013816574023115,0.7043755545491461,0.7141080706352783,0.2092405297278741,0.56,3.88
0.36763468013468037,0.33424026789451644,0.34181274048738763,0.3551095637927504,0.16999226604795048,0.6535222354823254,0.6494498220801781,0.6347260488195998,0.6201881399243161,0.15293713772660655,1.62,-1.55
0.3916245791245794,0.35475094181665967,0.3708849935870029,0.39463444603727216,0.1773781902552204,0.6389374707092137,0.6520505387127857,0.6344982325604194,0.6584007467038491,0.11953701625361446,1.43,0.59
0.39183501683501687,0.3794474675596482,0.38221462163317654,0.4175711652672538,0.12842227378190252,0.6657043606368913,0.6544203383762024,0.6553655749868532,0.6440459498010067,0.14411219087104055,0.01,-1.26
0.3619528619528618,0.38760987861029705,0.3689610944848227,0.3870571370059388,0.14856921887084298,0.6432702119715237,0.6527012729017876,0.6487332064883133,0.6752137828266525,0.14809472252663824,-1.75,-2.04
0.38257575757575757,0.3645876935956467,0.364685763146644,0.3872619291419208,0.17157772621809744,0.7073416906664778,0.6989155284489492,0.7155454691353016,0.7268032706548657,0.22006416942841678,1.23,2.15
0.3802609427609427,0.3790288823775638,0.3787943565626335,0.4067171820602089,0.17552204176334105,0.6840526360328898,0.7022105320962513,0.6796723991714615,0.6736777875339246,0.298929189167778,-0.14,2.86
0.41014309764309775,0.3742151527835913,0.3984608807182557,0.39832070448494794,0.32598607888631087,0.6815381393667517,0.6562376118679587,0.6147240128268858,0.6049041186818418,0.30413470298533085,1.76,0.0
0.4265572390572392,0.4068647969861865,0.40679777682770424,0.42596764284251476,0.1999613302397525,0.6072948609060278,0.5993982843657306,0.603186264785468,0.6048639396442497,0.15210861269920917,0.95,-2.47
0.36784511784511786,0.4077019673503559,0.390979050876443,0.38787630554986685,0.22594740912606337,0.645399079553028,0.6380117592650361,0.6557350557667487,0.665679273618397,0.16722341788029627,-3.37,0.11
0.3869949494949494,0.36647132691502704,0.3708849935870029,0.3782510751587138,0.27095901005413764,0.6523684466908319,0.641726580656836,0.6482625839230367,0.6629474425040052,0.13933249270501868,1.14,2.97
0.36910774410774416,0.3530766010883215,0.3604104318084651,0.3819373336063894,0.17950502706883215,0.6465696631895841,0.61673223833368,0.6099233989811668,0.5919281763778497,0.14524604882686143,-1.05,1.24
0.38531144781144766,0.3637505232314775,0.36853356135100457,0.3727216874872006,0.19307811291569987,0.6016897886595158,0.5715357584306611,0.5695852623460229,0.5625265165234377,0.18075049183358205,0.96,1.24
0.41414141414141414,0.3953537044788613,0.4309533988884138,0.405078844972353,0.24501160092807422,0.5497554313593649,0.5464066577302578,0.5331657959200073,0.5334907237228148,0.23949159591745117,-11.38,2.64
0.4292929292929293,0.4062369192130597,0.42625053441641714,0.43866475527339754,0.18232791956689867,0.5643468814445627,0.5315511299676408,0.49648128498006483,0.4735140411453911,0.20370492625797165,0.88,-3.24
0.4050925925925928,0.42988698200083686,0.5143223599828988,0.4183903338111816,0.6009667440061872,0.41008828210324033,0.5232138755881002,0.42153863440024186,0.5495418914162602,0.45413074190950264,-1.39,-1.61
0.39141414141414144,0.4077019673503559,0.42197520307823844,0.4112226090518125,0.24037122969837582,0.5599238069042438,0.5600731009366828,0.5514910845028986,0.5880754193434543,0.20370822715449521,-0.8,-0.41
0.41687710437710424,0.4277940560904143,0.46921761436511344,0.4448085193528568,0.312799690641918,0.5742114824458917,0.5799725871111414,0.5838118353568535,0.5979742637152963,0.41496890555474863,1.49,1.62
0.44718013468013473,0.41419003767266616,0.4583155194527575,0.4505426991603523,0.7124903325599381,0.5985674168138551,0.5740961668987794,0.5654965950156587,0.5598050706030169,0.4480372869271294,1.75,-1.6
0.5235690235690236,0.48011720385098355,0.513039760581445,0.489453204996928,0.5301237432327919,0.5786696141757224,0.5775083370600707,0.5743674268643033,0.5980822020902392,0.3052718618376751,4.34,1.58
0.5307239057239059,0.5115110925073252,0.5489525438221463,0.5224247388900265,0.39914926527455524,0.6187523622801714,0.5846860549524344,0.5707795268243043,0.5607605135041147,0.27706735149266537,0.39,1.69
0.6731902356902357,0.5370447886144829,0.6560495938435227,0.5738275650215032,0.372660479505027,0.5549098149921923,0.5233187445003284,0.5290044842047175,0.5216220873408577,0.32015065291733236,7.72,3.76
0.7123316498316499,0.6896190874843031,0.8721675929884567,0.6618881834937538,0.3017014694508894,0.5337263107456858,0.4999824933108472,0.4620452858006028,0.43750838484121357,0.45944023396754563,1.97,0.28
0.7226430976430975,0.7065717873587274,0.7855921333903377,0.6915830432111407,0.3710363495746326,0.4455126647067926,0.46608077822344085,0.4354041275482403,0.4313351208054208,0.5367208233756289,0.51,-3.47
0.49957912457912457,0.7415236500627875,0.7496793501496364,0.4218718001228752,0.4353441608662026,0.49788450295918274,0.49086691970374186,0.49776664300203133,0.5115296688459476,0.329639079974121,-10.95,0.96
0.5130471380471382,0.5366262034323985,0.5681915348439504,0.5117755478189636,0.279891724671307,0.4953214155166341,0.4667907787237888,0.4819934563356989,0.48963484106755595,0.2730138505618126,0.74,2.23
0.585016835016835,0.5255336961071577,0.5639162035057717,0.5209911939381529,0.16925754060324824,0.5172646007330748,0.4800565335552618,0.4624417816249349,0.4397485339417624,0.308696541980802,3.94,2.09
0.5119949494949496,0.5795311845960651,0.5720393330483113,0.5220151546180627,0.19385150812064963,0.4446911852990021,0.4238556429900646,0.4160514419276511,0.3939696778995494,0.4082400279916025,-3.85,-2.84
0.45664983164983153,0.5102553369610714,0.49123557075673374,0.4482899856645506,0.27111368909512756,0.4263429100699736,0.4336270746994584,0.4263814181372487,0.45802078273860025,0.33582330961089035,-3.03,-3.63
0.4265572390572392,0.4382586856425281,0.4784095767421974,0.4511570755682983,0.13178654292343386,0.49883120987176754,0.5151703907212,0.4897392088104662,0.5430844801401549,0.5146526796677977,-1.7,-1.31
0.5406144781144782,0.42046881540393466,0.5318512184694313,0.4558672946958835,0.15467904098994587,0.5391293557962928,0.5467704539995089,0.5445498544431897,0.5741564623756148,0.36230310152237344,6.55,-2.01
0.5633417508417509,0.5387191293428211,0.5609234715690465,0.5613352447266025,0.06759474091260634,0.5731762358471069,0.5954754330039729,0.5801277351680143,0.6228065844902415,0.7806785322893699,1.23,0.4
0.6485690235690236,0.555881121808288,0.6321077383497218,0.5914396887159532,0.10719257540603247,0.622559245699799,0.6036131973856296,0.606187080828023,0.6131518786473673,0.37236588457425035,4.54,-1.92
0.6367845117845117,0.649016324822101,0.6588285592133389,0.6399754249436822,0.12146171693735497,0.6235677512172098,0.6377634214803802,0.6356621875136772,0.6602854139445797,0.33347472173442305,-0.6,1.34
0.7005471380471382,0.6255755546253663,0.682129115006413,0.6545156665984027,0.15351894818252124,0.6442586612187369,0.6396993982928307,0.6465184637020578,0.6278204461335608,0.26664972206451276,3.27,-1.9
0.653409090909091,0.6822938467978232,0.7022231722958527,0.6608642228138439,0.1037122969837587,0.646090439735747,0.646941848155622,0.6423942152729001,0.6747587047425829,0.2750306983376686,-2.34,0.16
0.6818181818181819,0.6335286730849727,0.6631038905515179,0.6264591439688718,0.12327919566898682,0.6783823411276311,0.6513509567370119,0.6615545007644876,0.6708291650894942,0.3588091025522532,1.44,-1.29
0.571969696969697,0.6475512766848053,0.6306113723813596,0.5513004300634856,0.14632637277648877,0.6754587353866803,0.6753536552513568,0.6768284024964737,0.7031860240249872,0.2816110355572574,-5.5,-1.81
0.573442760942761,0.5343239849309334,0.5797349294570331,0.5150522219946754,0.2037896365042537,0.7294200497909937,0.7262308228236456,0.7304787172563965,0.7493396002504216,0.43770217991206417,0.08,1.23
0.6403619528619529,0.5851820845542066,0.6184266780675505,0.6051607618267458,0.08797370456303172,0.7391377368891581,0.7196459390925367,0.7244146538279923,0.7184176081445297,0.3400137977474682,3.55,1.56
0.5717592592592591,0.6251569694432817,0.6197092774690038,0.5893917673561335,0.31720804331013147,0.7201349520917613,0.6929726682367663,0.6964593105533379,0.6797586059097755,0.33787646724850473,-3.51,-0.29
0.6081649831649831,0.5920887400586017,0.5949123557075673,0.5836575875486383,0.20375096674400617,0.6908734584714771,0.6667733575235537,0.6819680226284499,0.6869029758879146,0.2647649101495967,1.93,-1.87
0.6742424242424243,0.6056927584763498,0.6554082941427959,0.6246160147450339,0.17610208816705336,0.6966872432259792,0.7065514929982173,0.708052736008262,0.7341567076454101,0.20112857652138327,3.44,2.31
0.6588804713804712,0.6682712431979905,0.6795639162035059,0.6502150317427811,0.13894044856921886,0.7277286633286981,0.7005893328933819,0.6882615494719879,0.6769082809002229,0.21905409509222706,-0.77,2.27
0.587962962962963,0.6416910841356214,0.6646002565198805,0.6102805652262953,0.21121423047177101,0.64630078270585,0.6188344001448935,0.6241262514281483,0.6219314996643275,0.311256387234773,-3.6,-0.06
0.6052188552188551,0.6056927584763498,0.6051731509191962,0.595125947163629,0.23070378963650423,0.6227430105512544,0.6092868824142175,0.6073139723264684,0.6234097801611826,0.23808871489496553,0.91,1.36
0.643097643097643,0.6061113436584342,0.6220607097050019,0.6162195371697727,0.11871616395978343,0.6175635162991657,0.589665281743639,0.608066276608543,0.5909310222002839,0.1939342725484242,1.97,2.23
0.5923821548821548,0.6398074508162408,0.6233433091064557,0.5898013516280975,0.21716937354988397,0.5702810019835822,0.5405232347023186,0.5587611078072341,0.5387975857358789,0.2536755482789126,-2.59,0.3
0.6773989898989901,0.606529928840519,0.6607524583155193,0.6346508294081508,0.22010827532869298,0.5765257455079338,0.5581649636391675,0.5446511610285063,0.5317562171122352,0.26165711607272535,4.46,-1.99
0.7287457912457913,0.6705734616994556,0.7092774690038479,0.6909686668031947,0.19980665119876256,0.5411998489938625,0.5570245563466407,0.5507101178517548,0.5791790069964551,0.24885623935460877,2.58,2.19
0.7546296296296295,0.7141063206362497,0.7402736212056436,0.7175916444808519,0.13781902552204175,0.5870013198172539,0.5541387806965739,0.5492863899583396,0.5281840320359981,0.20524314403792077,1.27,0.14
0.7575757575757576,0.7356634575136036,0.7612227447627191,0.7530206840057341,0.07629543696829078,0.532228472241461,0.5106492397140021,0.5285068464263245,0.5249205103707533,0.1601429948373978,0.14,-2.11
0.6624579124579124,0.7379656760150688,0.7409149209063703,0.6840057341798074,0.17733952049497292,0.5310681612675778,0.5508227689523302,0.5384908977886205,0.5750072015314316,0.1894103938629732,-4.59,1.24
0.6746632996632995,0.6659690246965255,0.6772124839675078,0.6751996723325824,0.13507347254447022,0.5899984639911504,0.5568706687747433,0.5629342798887891,0.5459645989933286,0.2078888126015026,0.62,2.11
0.7041245791245789,0.6747593135203012,0.7052159042325781,0.7005938971943477,0.10313225058004638,0.5830392062193535,0.5624936271142678,0.5148100328434786,0.4974259907101357,0.30144942366346705,1.48,2.61
0.6576178451178452,0.6954792800334868,0.6834117144078666,0.6645504812615197,0.07459396751740138,0.5070844851931064,0.47537807909227436,0.4620452858006028,0.43896061710284884,0.1778407515481205,-2.3,-1.27
0.6037457912457913,0.6339472582670571,0.619495510902095,0.5836575875486383,0.15580046403712297,0.43701888094611574,0.4401979529743081,0.4442614520433461,0.46782360599400996,0.23897500561152407,-2.73,4.12
0.640993265993266,0.5998325659271659,0.638093202223172,0.6194962113454845,0.13921113689095127,0.46521512546110655,0.4238609376013531,0.40515316064791773,0.3781958473602647,0.28997055600301047,1.94,0.01
0.6456228956228955,0.639179573043114,0.6348867037195385,0.6424329305754657,0.1039829853054911,0.39556189154709376,0.3863895780239679,0.3950594019519216,0.377880204059881,0.22998006258499815,0.24,-2.97
0.6675084175084176,0.6354123064043533,0.6500641299700725,0.6397706328077002,0.18727764887857695,0.4309562718111071,0.4291916634098387,0.40466738340446873,0.4445812496992636,0.2724427954632478,1.12,4.35
0.6502525252525253,0.6538300544160736,0.6778537836682341,0.6678271554372313,0.15452436194895589,0.43054879319840644,0.4140300687077161,0.3756342367463421,0.35098189965780535,0.22106764197155948,-0.87,-1.61
0.6630892255892256,0.6289242360820426,0.6571184266780676,0.6248208068810157,0.1547950502706883,0.3673123274981416,0.3581876796255863,0.3565177684706755,0.38608965770484693,0.2503548463762758,0.65,-0.22
0.6369949494949496,0.6569694432817077,0.6536981616075246,0.6569731722301864,0.11898685228151584,0.3973284472383871,0.37625264201593,0.40013494358464974,0.3909257785925926,0.18866109035213963,-1.32,-3.09
0.7283249158249159,0.6494349100041859,0.7174005985463876,0.6745852959246366,0.16063418406805877,0.40789272436360324,0.4355736410842763,0.384284006265595,0.46085203992533263,0.3445970925703421,4.68,5.25
0.7340067340067342,0.7159899539556296,0.7622915775972636,0.7302887569117347,0.20738592420726987,0.4434221154059954,0.4010334888849425,0.35333805982133737,0.3480270412292177,0.3118373450229083,0.28,1.42
0.7638888888888891,0.7293846797823353,0.7556648140230866,0.7388900266229776,0.20185614849187933,0.3531431939822327,0.32598590081794465,0.3207138836112391,0.3178616398797425,0.3187296169639674,1.46,4.49
0.6544612794612794,0.771033905399749,0.7567336468576316,0.6690559082531231,0.23139984532095903,0.299078338471495,0.26165766439566585,0.25067644794303834,0.22696109247939344,0.41781592880626384,-5.27,-0.97
0.6001683501683501,0.6513185433235664,0.6485677640017102,0.622977677657178,0.2366589327146172,0.2952897173963165,0.25367020082911673,0.24921565642613164,0.24690860102639856,0.4653009757450124,-2.76,3.29
0.6938131313131313,0.584763499372122,0.6772124839675078,0.6082326438664756,0.2131090487238979,0.25275084717663443,0.23610533024176772,0.2109084285025984,0.18180637264797483,0.45238951899335866,4.89,-0.06
0.6893939393939392,0.6892005023022183,0.6836254809747757,0.670079868933033,0.1836813611755607,0.17822874166192548,0.18412994191904652,0.17204129625731257,0.18297786279954176,0.5392922217674321,-0.22,-3.68
0.74537037037037,0.6938049393051484,0.7246686618212914,0.7196395658406718,0.12254447022428461,0.23779023675944333,0.2382390893724995,0.23976614166578458,0.2586466557541016,0.410756961590768,2.79,1.22
0.7693602693602692,0.7415236500627875,0.7618640444634459,0.7311079254556627,0.17327919566898684,0.26637047956301574,0.2291235157653937,0.2595472797916829,0.23385434369050162,0.2507030909595046,1.17,-2.68
0.7321127946127948,0.761406446211804,0.7693458743052584,0.745852959246365,0.1788476411446249,0.2961630488386824,0.261276276088261,0.2809274146746814,0.2899433680432153,0.2787739149953128,-1.79,4.96
0.674452861952862,0.7325240686479697,0.7434801197092775,0.6883063690354292,0.24025522041763336,0.2769797604479949,0.23290648483661758,0.2180791219774414,0.19120485237712437,0.274497603549124,-2.82,0.26
0.7213804713804712,0.6703641691084135,0.7024369388627618,0.6592258857259881,0.23491879350348027,0.20580390350291777,0.1868391142206718,0.20654466824793083,0.18603572258262457,0.2899953127269367,2.36,0.3
0.7211700336700335,0.6996651318543323,0.7107738349722101,0.7204587343845996,0.09068058778035576,0.23556956823357433,0.1849834114667177,0.15971599243489765,0.1801292401807748,0.33558399461293686,-0.01,-1.57
0.742003367003367,0.7180828798660528,0.7274476271911072,0.7362277288552121,0.097061098221191,0.21112688760425002,0.18495898766077956,0.2050687220528522,0.2116229317232008,0.186465994164015,1.02,2.4
0.7455808080808082,0.7348262871494349,0.7479692176143651,0.7384804423510138,0.12451662799690641,0.19946572857208933,0.149899443765799,0.16929531151837485,0.16440937900329744,0.218923709679549,0.17,-1.49
0.7603114478114479,0.750104646295521,0.7498931167165455,0.7698136391562564,0.07757153905645783,0.18253327400953578,0.17793344931091926,0.18943044614612647,0.19409705881505568,0.18502680327977084,0.72,-2.61
0.816077441077441,0.7595228128924232,0.8050448909790506,0.7780053245955356,0.16906419180201082,0.2133909292607994,0.2277907916387718,0.22220666471850636,0.24742820399249355,0.20987430186038525,2.69,-3.22
0.8337542087542087,0.8141481791544578,0.8150919196237707,0.8158918697522015,0.0953982985305491,0.2901721845448104,0.2863266395368729,0.2982238240325359,0.31550282655778594,0.23018471816945485,0.83,0.41
0.820496632996633,0.826496442025952,0.8896964514749892,0.8332992013106697,0.2899458623356535,0.3348950354717668,0.29654402065120133,0.3126762363780433,0.30683131424201515,0.437218598571372,-13.77,0.72
0.8478535353535352,0.8359146086228546,0.8531423685335615,0.8500921564611916,0.19435421500386693,0.3414652399380391,0.3049145805545488,0.3057485140092322,0.2916763425892557,0.21752247910532507,1.28,-2.62
0.8792087542087541,0.8336123901213894,0.8723813595553658,0.8142535326643454,0.23882443928847635,0.30284184909438205,0.31928743750453203,0.3057519731210745,0.3478893090106536,0.17213845280378148,1.45,2.53
0.914983164983165,0.8802846379238174,0.923257802479692,0.8750767970509936,0.10042536736272234,0.32814612083704287,0.2925844482315354,0.3167448072250154,0.2948615493969313,0.12171065661433644,1.63,-0.4
0.9151936026936027,0.9248639598158226,0.9315946985891408,0.9246364939586318,0.1231245166279969,0.3453790886849819,0.3062192941184423,0.3230837984404282,0.30334118980608404,0.20698271650580302,0.01,-0.94
0.9501262626262628,0.9244453746337378,0.946344591705857,0.9350808928937129,0.20317092034029383,0.2995423977093514,0.2973800690336159,0.3035861539872162,0.3231911451721172,0.1657231604103675,1.57,0.74
1.0000000000000002,0.9487233151946421,1.0,0.970100348146631,0.17865429234338745,0.3365213624050112,0.30453677882903807,0.33126475735029337,0.30768205339783194,0.21611959808283931,2.2,2.82
0.9907407407407407,1.0,0.9991449337323641,1.0,0.1419953596287703,0.31467992470318595,0.28342327184865224,0.28053948473602675,0.2497957001176354,0.3304626536567332,-0.4,3.65
0.9635942760942762,0.9799079112599411,0.9833262077811029,0.9430677861970103,0.23406805877803555,0.235771595429479,0.18794621633918207,0.20906810796409991,0.17758383279947743,0.2881897223285844,-1.18,4.91
0.9610690235690236,0.9437002930096274,0.9672937152629331,0.9203358591030106,0.2227764887857695,0.1427642470188879,0.10090598951019225,0.1157663998271603,0.08504820468655327,0.41797767273591513,-0.11,-0.18
0.9244528619528618,0.9573043114273752,0.9826849080803761,0.9143968871595329,0.2658546017014694,0.12783380223790153,0.07560370117034365,0.10866505608797694,0.08838135858051754,0.23473335357883207,-1.61,-2.44
0.8813131313131313,0.9213059857681034,0.9170585720393332,0.8896170387057136,0.24532095901005413,0.13968378097149103,0.1311243100022097,0.1311584101472676,0.135591676670759,0.3245210399144408,-1.93,4.26
0.9177188552188553,0.8838426119715361,0.9061564771269772,0.8656563587958224,0.30707656612529,0.11257104773927296,0.0588593365275496,0.08034369114526974,0.05660862731880889,0.37761596049487045,1.66,-1.41
0.785563973063973,0.8949351192967767,0.9142796066695169,0.7882449313946345,0.34682907965970605,0.09445985689566117,0.0682406692594626,0.09275514687482911,0.08315127936048317,0.6674000158443034,-5.92,-2.45
0.8131313131313129,0.78401004604437,0.8230012825994013,0.791316813434364,0.2393271461716937,0.14062706366318523,0.11726042604840359,0.14931847861420877,0.1303876456859443,0.30064565535999577,-7.14,0.15
0.751683501683502,0.8103809125156967,0.7969217614365114,0.7026418185541676,0.3425754060324826,0.13526739157628853,0.12631639177326326,0.14324766142469536,0.1275599637813667,0.3028985172372817,-2.89,-1.59
0.6847643097643097,0.7187107576391796,0.7342881573321933,0.7010034814663118,0.2824825986078886,0.1679483462736977,0.1339243457598034,0.16150228254716414,0.15878534145097456,0.30671270317018107,-3.24,-3.23
0.7239057239057238,0.6686898283800753,0.7263787943565627,0.6897399139873028,0.23480278422273781,0.20361812903686483,0.19565562335405828,0.2106723757889315,0.22423624160306477,1.0,1.96,0.72
0.7577861952861953,0.7044788614483046,0.7520307823856349,0.7130862174892483,0.1467517401392111,0.25533040320485334,0.20689436669442363,0.23585455481763518,0.20975409784996546,0.27035662886039846,1.66,3.07
0.8154461279461283,0.7609878610297196,0.8033347584437793,0.7861970100348148,0.16747873163186386,0.23549782322546786,0.19961160901693442,0.18366667873057296,0.1499551562024506,0.3330703619102948,2.78,0.03
0.775462962962963,0.8080786940142319,0.832193244976486,0.791316813434364,0.1888244392884764,0.17171185672961475,0.1279884883631981,0.16587279656294052,0.14931876173198066,0.3679476345775513,-1.88,1.35
0.6971801346801347,0.7708246128087066,0.7744762719110732,0.7196395658406718,0.26948955916473316,0.15301627069665913,0.1165485468206593,0.1283954587742686,0.12331665337059072,0.3698572032163936,-3.75,-0.89
0.7337962962962961,0.693386354123064,0.7283026934587431,0.7016178578742576,0.21778808971384372,0.14610038605554276,0.11158674119471113,0.14065849605332437,0.1405949827938604,0.24174280734647535,1.82,-1.72
0.5477693602693601,0.7293846797823353,0.7650705429670799,0.547204587343846,0.5699535962877029,0.13897905016460044,0.14505121754725891,0.13875920362073257,0.17448426173992693,0.27210445356958957,-19.87,-0.35
0.5199915824915826,0.5669736291335288,0.5720393330483113,0.49846405898013524,0.41751740139211135,0.20137919833351692,0.1659093841023067,0.19591966776793224,0.18138960071012855,0.23845181351255007,-1.49,-2.23
0.5991161616161618,0.5037672666387607,0.5981188542112015,0.5152570141306574,0.2846481051817478,0.21552142730441615,0.20111922881239486,0.22334014534680557,0.22662978596342565,0.21166503822438176,4.31,-0.12
0.6492003367003367,0.5889493511929678,0.6323215049166309,0.6151955764898627,0.18325599381283836,0.22904779158098654,0.20902983385454843,0.2346230620846066,0.2290635093613782,0.18419827825237334,2.62,2.31
0.6519360269360268,0.6429468396818752,0.6351004702864471,0.6119189023141511,0.1724671307037896,0.23253410561200116,0.18304026096579196,0.2124062831369582,0.18326371243064066,0.15898438015765082,0.14,0.96
0.5096801346801347,0.6308078694014232,0.6145788798631895,0.5314355928732337,0.3039056457849961,0.21523591510531515,0.17290861974393734,0.18862592373106812,0.16445824084407468,0.14855189669514246,-7.24,0.15
0.528409090909091,0.5006278777731268,0.5250106883283454,0.5056317837395043,0.22401392111368906,0.15440208919056575,0.14536257944784325,0.15897027711399714,0.16146831072458934,0.16849096214531867,1.03,-0.03
0.49957912457912457,0.5242779405609039,0.5143223599828988,0.462215850911325,0.3216937354988399,0.170207496043,0.1373698212700063,0.15469596341574077,0.16209772495699637,0.17767075537716048,-1.57,-1.76
0.5260942760942762,0.5046044370029301,0.5314236853356136,0.5105467950030718,0.21353441608662027,0.20830176828671942,0.16792768492333887,0.20351189535571979,0.19717926444257183,0.1589233135719662,1.46,0.81
0.6142676767676769,0.5198827961490164,0.6002565198802907,0.5295924636493958,0.2750193348801237,0.23873694350505836,0.1984189378788479,0.20815223072202915,0.1810758301267772,0.26803609860438093,4.79,-3.01
0.6313131313131315,0.5931352030138133,0.6132962804617357,0.5928732336678273,0.2652745552977571,0.23094952118035472,0.214542457972555,0.22942776453912406,0.24263396470746224,0.3088912948756882,0.88,-1.55
0.6311026936026936,0.6190874843030556,0.6162890123984608,0.622363301249232,0.2779195668986852,0.26619519378242495,0.2527991392432918,0.27233826454283405,0.2747989519106733,0.3379457860754981,-0.01,-1.34
0.5791245791245792,0.621598995395563,0.6056006840530141,0.5666598402621341,0.3016241299303944,0.2975956645171902,0.27389676221491777,0.2907849563631133,0.303034399460796,0.20901441831601464,-2.67,1.91
0.5576599326599327,0.5719966513185433,0.5803762291577599,0.5734179807495392,0.2850348027842227,0.3161660228783818,0.27956856834121413,0.28310509434348363,0.2637216373235376,0.2179202371364063,-1.13,0.44
0.5989057239057238,0.5577647551276683,0.5786660966224881,0.5594921155027646,0.2576952822892498,0.28487414793304366,0.23795932496632788,0.27304164500383177,0.2547537198564498,0.14553157637614378,2.2,1.9
0.5768097643097643,0.5801590623691921,0.6177853783668235,0.5992217898832684,0.25174013921113686,0.26209448205555796,0.21280921616898296,0.24366438562297166,0.21638244014416386,0.15254433104031062,-1.16,-3.9
0.629419191919192,0.5786940142318959,0.629328772979906,0.5971738685234487,0.26330239752513535,0.27122108881926277,0.27759416226656586,0.27487175250069895,0.29829412936323574,0.1947446426449424,2.78,-1.07
0.6203703703703702,0.6379238174968607,0.6560495938435227,0.6389514642637724,0.26411446249033255,0.3180211184228443,0.29462187824721675,0.3032588430986085,0.3209874295007593,0.2496996184163619,-0.47,-1.84
0.6616161616161618,0.6303892842193386,0.6872595126122274,0.6475527339750151,0.32695282289249805,0.35195108691003263,0.33785078384337175,0.3529282212747227,0.36075356733130115,0.24975243276073789,2.13,0.18
0.5862794612794615,0.6527835914608622,0.6376656690893543,0.5828384190047102,0.4172853828306264,0.3650197510014399,0.3506986000075336,0.36825285861499446,0.35696874013483915,0.16401494645945836,-3.81,0.16
0.6081649831649831,0.5782754290498116,0.6171440786660967,0.5908253123080074,0.2788863109048723,0.3599622229959807,0.3513317421583817,0.366313043615748,0.353443544182346,0.2249197882144791,1.15,-2.52
0.5448232323232323,0.5879028882377564,0.6259085079093629,0.5709604751177555,0.3767208043310131,0.3843732704897147,0.38566369333996486,0.39409954269399505,0.4091265222693419,0.3711429024122952,-3.3,-0.41
0.49579124579124567,0.543951444118878,0.5418982471141511,0.5107515871390538,0.26860015467904097,0.424641413907731,0.39205626041187425,0.4237146665757312,0.4182652004282763,0.3348247884125328,-2.64,0.5
0.5042087542087543,0.4817915445793217,0.5104745617785378,0.49703051402826137,0.2676334106728538,0.4018933811658365,0.3893016563822649,0.4110618872334528,0.4072767563932629,0.2489305095263874,0.47,0.1
0.5456649831649831,0.49058183340309736,0.523086789226165,0.5050174073315585,0.23101314771848414,0.4294300615964257,0.4128618215504629,0.4232035214437999,0.4049947256899997,0.2988532685477375,2.28,1.2
0.5397727272727273,0.5359983256592715,0.5594271056006841,0.5447470817120621,0.3309358081979891,0.4050141222154453,0.3652482311788565,0.39640208471202754,0.3787518839298867,0.31227966515705663,-0.32,-2.81
0.573442760942761,0.5383005441607367,0.556434373663959,0.5236534917059184,0.3549883990719257,0.444410727949875,0.41396192102829166,0.44021660176022315,0.44166452726498906,0.2897576481772449,1.82,0.59
0.6178451178451179,0.5588112180828799,0.6070970500213768,0.5934876100757733,0.4056844547563805,0.4696866279820795,0.4427846641506561,0.45058693573654085,0.4286085673639699,0.3969740681569114,2.35,-2.05
0.583543771043771,0.608832147341984,0.6053869174861051,0.594921155027647,0.2437354988399072,0.45657768872148985,0.4464487590282882,0.4608982978187648,0.4752051342630528,0.22712313664391248,-1.78,-0.62
0.5359848484848486,0.5761825031393888,0.5589995724668664,0.5150522219946754,0.25232018561484915,0.4783372722161716,0.46374052610435235,0.4900057356804124,0.4893018321608016,0.1758272046687881,-2.51,0.19
0.4850589225589226,0.5025115110925071,0.5331338178708849,0.5027646938357566,0.3541763341067285,0.4926983232280384,0.46986716317855737,0.4875531282246015,0.48485626482377264,0.2661430344481561,-2.75,1.27
0.5136784511784513,0.49162829635830874,0.5085506626763576,0.5050174073315585,0.20819798917246712,0.4736621120371818,0.4475539824194026,0.46794742342496387,0.45619025501158794,0.2948129712029788,1.59,-0.21
0.5608164983164983,0.4951862704060275,0.5542967079948697,0.5314355928732337,0.29667440061871614,0.4685127830873581,0.438660614761621,0.46971526420979237,0.46093563263017834,0.21192910994626146,2.58,2.05
0.571969696969697,0.5531603181247382,0.5686190679777681,0.5484333401597379,0.2381283836040216,0.4508940231920593,0.41353680884740096,0.4362121092438207,0.41558733867569164,0.1999765636346832,0.59,2.61
0.5686026936026936,0.5481372959397237,0.5594271056006841,0.5230391152979725,0.37501933488012373,0.3992820288723302,0.3574898056792064,0.38204241306615905,0.3591636028511018,0.14239242378229933,-0.18,0.0
0.6334175084175084,0.5688572624529089,0.6171440786660967,0.6000409584271964,0.3494199535962877,0.3754403751477162,0.3491472563385869,0.381755624744206,0.3591164435754466,0.07193973883306704,3.44,-0.4
0.656986531986532,0.6276684805357888,0.6453612654980763,0.6453000204792134,0.3801237432327919,0.3745688374641287,0.35150492962293156,0.38144017422186294,0.36787342113876,0.08528196258103704,1.21,-1.64
0.6134259259259258,0.6615738802846378,0.6541256947413423,0.6377227114478805,0.3293503480278422,0.39647859595317003,0.37545331504121404,0.4019887716453663,0.404089847020465,0.15023040257734,-2.21,4.1
0.6127946127946127,0.6167852658015904,0.6177853783668235,0.6102805652262953,0.31829079659706105,0.4172179339353512,0.3780033049847582,0.3462467643238505,0.31734731476092404,0.1866046318180018,-0.03,1.03
0.686026936026936,0.6050648807032231,0.6675929884566054,0.6264591439688718,0.27776488785769526,0.3154446603561243,0.2851390923120729,0.31924123189674725,0.2957226737467191,0.1326778853136512,3.8,1.13
0.5898569023569022,0.6762243616575974,0.6744335185976911,0.5975834527954125,0.47250580046403706,0.3274681312784957,0.28111290919458365,0.2869558971729713,0.27226920739628846,0.20644962171725845,-4.81,0.57
0.5446127946127948,0.5996232733361238,0.5889268918341171,0.5570346098709811,0.38553750966744005,0.3073482455082004,0.26809720035205564,0.2910295746250986,0.2605992526584291,0.25279090801061566,-2.38,0.26
0.48884680134680125,0.5263708664713267,0.5209491235570758,0.5093180421871799,0.3530549110595514,0.2630813010076287,0.22803571353953545,0.24588242305849328,0.25518257955338997,0.233214941178024,-3.0,1.33
0.49389730639730645,0.477396400167434,0.5220179563916203,0.5144378455867293,0.29868522815158544,0.29508932066252425,0.25383980153687635,0.2504351241616398,0.22828785060780477,0.1448367376579479,0.28,0.74
0.49663299663299676,0.4899539556299706,0.5418982471141511,0.5162809748105672,0.40703789636504245,0.25232673668159733,0.20723356845973417,0.2332281611915168,0.21330363947255582,0.20516557296961857,-3.29,-2.09
0.396043771043771,0.4926747593135201,0.48738777255237276,0.4216670079868934,0.48484145398298534,0.23835963052856268,0.2316560845436817,0.24732641240391562,0.25636292266005234,0.17590312528882845,-5.56,-0.59
0.421506734006734,0.38823775638342384,0.4089354424967935,0.4153184517714521,0.3805491105955143,0.25847625520766315,0.24523849588702729,0.2651137054416943,0.26860644955147817,0.1568024875556201,1.49,-2.07
0.4907407407407407,0.39933026370866465,0.47028644719965795,0.43907433954536135,0.3153132250580046,0.30501914448957024,0.28650324306021013,0.31539372354784656,0.3122217689599245,0.16863290069582904,3.99,-1.26
0.5140993265993266,0.47509418166596906,0.5119709277469005,0.4919107106287117,0.33422273781902545,0.3411397789961188,0.310554960234225,0.3509294342127036,0.3390870447143819,0.1265613240556135,1.29,5.44
0.5012626262626263,0.5136040184177477,0.5185976913210775,0.489453204996928,0.44215003866976016,0.296703907600679,0.2559489661636676,0.2556506831591294,0.22876029429824496,0.29848851948189126,-0.7,-0.73
0.5246212121212122,0.5062787777312683,0.5307823856348868,0.5099324185951257,0.45382830626450116,0.25856805598505783,0.2190215929607653,0.25536900144233177,0.24377225605949993,0.24454361804666147,1.29,1.45
0.4518097643097645,0.5251151109250733,0.5128259940145361,0.4753225476141716,0.3606341840680587,0.2506920938071846,0.22145270871071765,0.23754810423026296,0.21460247664871512,0.23536382481481977,-3.96,0.91
0.45538720538720523,0.44725826705734617,0.457246686618213,0.470817120622568,0.30715390564578493,0.211949997641123,0.16893145528611764,0.20715366085333597,0.196478515590659,0.6720608817354794,0.2,-0.75
0.4667508417508417,0.4501883633319379,0.4523300555793073,0.42801556420233444,0.2992652745552977,0.20149105521413935,0.18252086927014521,0.2106807768746739,0.21157934772970077,0.1301906597831971,0.64,0.96
0.4387626262626263,0.4556299706990372,0.4585292860196666,0.45463854187999186,0.3560324825986078,0.2184500877283706,0.17952322189227288,0.21167424030689075,0.19240766843685164,0.106990308567807,-1.57,1.83
0.42087542087542107,0.4403516115529509,0.4700726806327489,0.4464468564407127,0.5024361948955915,0.22280304805663498,0.195715060538302,0.19063492366603896,0.1566933097629608,0.18008866208062113,-1.02,1.39
0.4335016835016836,0.4181665969024697,0.4583155194527575,0.444194142944911,0.4133023975251353,0.1729073880227059,0.1240427503519983,0.1578519513325496,0.12995350814172735,0.2536111807967044,0.73,1.83
0.3329124579124578,0.4309334449560487,0.4157759726378796,0.35715748515257006,0.4989559164733178,0.13706068868289556,0.08110949334567019,0.108611025999104,0.09528159020402471,0.2895711475236674,-5.76,0.6
0.2893518518518521,0.33884470489744656,0.33689610944848236,0.3174278107720663,0.35587780355761794,0.11713940588761362,0.09260186943177051,0.11811275906111462,0.08394804932882804,0.21750927551923105,-2.65,-0.25
0.32365319865319875,0.27919631645039766,0.3189397178281317,0.32111406921974184,0.42389791183294656,0.13749474541424345,0.09557167694491686,0.11001103332866968,0.08858191311598462,0.17580574884138533,2.14,-2.01
0.39583333333333326,0.3101716199246545,0.37195382642154784,0.320294900675814,0.5495359628770302,0.11449120281278646,0.10615627021238816,0.11596884836653731,0.12730884501433604,0.19413397678809563,4.41,2.93
0.3785774410774412,0.3859355378819589,0.38456605386917486,0.39422486176530835,0.43797370456303164,0.12733468581053287,0.07082208582452232,0.09014061361497516,0.07254470607300112,0.1876196574989767,-1.01,1.53
0.3428030303030303,0.38300544160736694,0.3787943565626335,0.37190251894327253,0.31376643464810516,0.09448659814400506,0.0679486074264255,0.08155656975092462,0.044321516433882824,0.20958382296631772,-2.11,-2.22
0.4265572390572392,0.3710757639179574,0.4191962377084224,0.4093794798279746,0.4709590100541376,0.08802482633746411,0.0666228859404856,0.08249435560095586,0.0861289515689645,0.1709187715383499,5.06,-3.23
0.485479797979798,0.4187944746755963,0.46985891406584024,0.453204996928118,0.5483372003093581,0.15409652105520677,0.12162751878570166,0.16112440085020552,0.14906083305313378,0.26818628939620004,3.39,0.25
0.5136784511784513,0.47593135203013803,0.5006412997007268,0.4982592668441532,0.5639211136890951,0.14874516490947864,0.12518845260560418,0.13864274235724428,0.14421943449244723,0.11751356668471158,1.57,0.68
0.5294612794612796,0.5140226035998325,0.5173150919196239,0.5314355928732337,0.3646171693735498,0.16650578402493887,0.12870737040651936,0.1623438684170344,0.13108669197273493,0.17221932476860713,0.86,3.95
0.6085858585858586,0.5349518627040604,0.5985463873450192,0.5519148064714317,0.8819412219644238,0.12446945428654677,0.0695033669792644,0.08766099094604818,0.05770708028574756,0.20702232726408498,4.29,1.05
0.5768097643097643,0.6209711176224362,0.6058144506199232,0.595740323571575,0.5486852281515855,0.08818184977360577,0.03067656732381785,0.060760059584848536,0.03847768602268986,0.10064268455312464,-1.65,1.11
0.5374579124579124,0.5690665550439513,0.5589995724668664,0.5404464468564407,0.6702242846094353,0.058865243027551806,0.019992228882509178,0.04438809352342199,0.018270546406051746,0.2242942683232766,-2.08,0.09
0.4972643097643099,0.5167434072833821,0.5271483539974346,0.5089084579152159,0.762335653518948,0.05095585428924854,0.0,0.04780039543722503,0.016685689272546655,0.1173765794789865,-2.17,-2.18
0.5370370370370372,0.49079112599413977,0.5211628901239844,0.49621134548433354,0.6630317092034028,0.0,0.0355352118920369,0.0,0.05714048837024377,0.31692402656561525,2.2,3.18
0.4877946127946129,0.5590205106739219,0.550021376656691,0.5119803399549459,0.8616782675947408,0.10201688014703358,0.04759958509024287,0.03710604505288706,0.0,0.16721516563898753,-2.66,-3.32
0.4846380471380469,0.4820008371703641,0.49422830269345885,0.4998976039320089,0.6102861562258313,0.07410631096083997,0.03533930847604738,0.0811113150741305,0.061786439916493796,0.17483858616000103,-0.18,-0.9
0.42908249158249134,0.4843030556718291,0.4811885421120139,0.4482899856645506,0.32134570765661247,0.13894741702900948,0.08367690462936617,0.09805175100562802,0.07862739716588485,0.2752138980947225,-3.09,0.86
0.48653198653198637,0.44223524487233146,0.47456177853783665,0.45852959246364944,0.2208430007733952,0.09308398480503532,0.05483144538066642,0.0850229019222799,0.06260755555493591,0.2599852119835747,3.3,0.62
0.4955808080808082,0.4893260778568438,0.5166737922188971,0.5123899242269097,0.015390564578499605,0.08775773944553866,0.05994884660790656,0.08193099233604051,0.05115892574048675,0.2060023502383247,0.5,-2.25
0.476010101010101,0.4711176224361655,0.4681487815305687,0.46999795207864037,0.9999999999999998,0.07417137048989075,0.06666831784336535,0.07651298496785341,0.09385029865657812,0.21894681595521348,-1.08,-0.85
